/*
SQLyog Community v13.1.5  (64 bit)
MySQL - 5.1.65-community : Database - testd4_bpote
*********************************************************************
*/

/*!40101 SET NAMES utf8 */;

/*!40101 SET SQL_MODE=''*/;

/*!40014 SET @OLD_UNIQUE_CHECKS=@@UNIQUE_CHECKS, UNIQUE_CHECKS=0 */;
/*!40014 SET @OLD_FOREIGN_KEY_CHECKS=@@FOREIGN_KEY_CHECKS, FOREIGN_KEY_CHECKS=0 */;
/*!40101 SET @OLD_SQL_MODE=@@SQL_MODE, SQL_MODE='NO_AUTO_VALUE_ON_ZERO' */;
/*!40111 SET @OLD_SQL_NOTES=@@SQL_NOTES, SQL_NOTES=0 */;
CREATE DATABASE /*!32312 IF NOT EXISTS*/`testd4_bpote` /*!40100 DEFAULT CHARACTER SET latin1 */;

USE `testd4_bpote`;

/*Table structure for table `individu` */

DROP TABLE IF EXISTS `individu`;

CREATE TABLE `individu` (
  `id` int(11) NOT NULL AUTO_INCREMENT,
  `id_civ` int(11) NOT NULL,
  `nom` varchar(50) COLLATE utf8_unicode_ci NOT NULL DEFAULT '',
  `prenom` varchar(50) COLLATE utf8_unicode_ci NOT NULL DEFAULT '',
  `adr1` varchar(40) COLLATE utf8_unicode_ci NOT NULL DEFAULT '',
  `adr2` varchar(40) COLLATE utf8_unicode_ci NOT NULL DEFAULT '',
  `adr3` varchar(40) COLLATE utf8_unicode_ci NOT NULL DEFAULT '',
  `adr4` varchar(40) COLLATE utf8_unicode_ci NOT NULL DEFAULT '',
  `cp` varchar(10) COLLATE utf8_unicode_ci NOT NULL DEFAULT '',
  `ville` varchar(40) COLLATE utf8_unicode_ci NOT NULL DEFAULT '',
  `id_pays` int(11) DEFAULT NULL,
  `email` varchar(100) COLLATE utf8_unicode_ci NOT NULL DEFAULT '',
  PRIMARY KEY (`id`),
  KEY `index_ref_civ` (`id_civ`),
  KEY `id_pays` (`id_pays`),
  CONSTRAINT `individu_ibfk_1` FOREIGN KEY (`id_civ`) REFERENCES `ref_civ` (`id`),
  CONSTRAINT `individu_ibfk_2` FOREIGN KEY (`id_pays`) REFERENCES `ref_pays` (`id`)
) ENGINE=InnoDB AUTO_INCREMENT=222 DEFAULT CHARSET=utf8 COLLATE=utf8_unicode_ci;

/*Data for the table `individu` */

insert  into `individu`(`id`,`id_civ`,`nom`,`prenom`,`adr1`,`adr2`,`adr3`,`adr4`,`cp`,`ville`,`id_pays`,`email`) values 
(1,2,'bossu2','Jérome2','adr1 \' ','adr2 \' zzzzzzzz','adr3 \' ','adr4 \' ','27780','ma vil',78,'jerome_tim@dim4.com'),
(2,2,'nom','pr&eacute;nom','adtress4','1 rue des iles','','CEDEX','546565','sdsd',19,'MARGARITA.MARGARITA@aaa.fr'),
(3,1,'Talovskaya','Natalya','','1 rue des iles','sqsdqsd','','01032','AbaBourg-en-Bresse',17,'Talovskaya.Natalya@aaa.fr'),
(4,2,'prénom','Polina','tototo','1 rue des iles','sfsfsfs','CEDEX 4','01119','Lurcy',1,'Dunaeva.Polina@aaa.fr'),
(5,2,'bifir','Naima','partout','1 rue des iles','et des ponts','','01130','Bellignat',19,'bifi.Naima@aaa.fr'),
(6,3,'lebrownie','candice','CEDEX 12','impasse','des','brouettes','01151','lebron.candys@aaa.fr',17,'brownie@aaa.fr'),
(7,2,'amoros','mariond','f','1 rue des iles','','CEDEX','01182','chazey',78,'marion@aaa.fr'),
(8,1,'Marmotte','Aristide','sous terre','1 rue des iles','','CEDEX 8','95510','Enfer',78,'Marotte.Cynthia@aaa.fr'),
(9,1,'Goettaz','Florent','','1 rue des iles','','CEDEX 9','01264','Torcieu',78,'Goettaz.Florence@aaa.fr'),
(10,1,'Romatif','Clement','îles','','','','01375','Romatif.Clement@aaa.fr',78,'clement@aaa.fr'),
(11,3,'ROUTIER','cindy','ppp','1 rue des iles','','CEDEX 11','78000','CORBONOD',78,'ROUTIER.cindy@ata.fr'),
(12,2,'Torrente','Melanie','ujj','1 rue des iles','','CEDEX 12','01637','Reyrieux',11,'Torrente.Melanie@aaa.fr'),
(13,2,'Salem','Anissa','','1 rue des iles','','CEDEX 13','01638','St euphemie',78,'Salem.Anissa@aaa.fr'),
(14,2,'bossu','jérôme','Test1','delete * from individu','adr3','adr4','27730','ma ville ',78,'bouchedor.francoise@dim4.fr'),
(15,2,'magere','alexia','1','rue','des','îles','02040','laon',78,'magere.alexia@aaa.fr'),
(16,2,'Gossoin','Aurelie','','1 rue des iles','','CEDEX 16','02141','Saint Quentin',78,'Gossoin.Aurelie@aaa.fr'),
(17,2,'Beautour','Elodie','','1 rue des iles','','CEDEX 17','02142','Saint Quentin',78,'Beautour.Elodie@aaa.fr'),
(18,2,'Marandel','Marie-Christine','','1 rue des iles','','CEDEX 18','02243','Soissons',78,'Marandel.Marie-Christine@aaa.fr'),
(19,2,'teissedre','alison','','1 rue des iles','','CEDEX 19','02244','soissons',78,'teissedre.alison@aaa.fr'),
(20,2,'laforce','oceane','','1 rue des iles','','','02265','Ciry Salsogne',78,'laforce.oceane@aaa.fr'),
(21,2,'hutin','julie','','1 rue des iles','','CEDEX 21','02273','Bois-lès-Pargny',78,'hutin.julie@aaa.fr'),
(22,2,'arcole','coraline','','1 rue des iles','','CEDEX 22','02347','Chauny',78,'arcole.coraline@aaa.fr'),
(23,2,'KORTYLAK','Severine','','1 rue des iles','','CEDEX 23','02358','NOGENT LARTAUD',78,'KORTYLAK.Severine@aaa.fr'),
(24,2,'carouge','sandrine','.','1 rue des iles','.','CEDEX 24','02379','Courboin',78,'carouge.sandrine@aaa.fr'),
(25,2,'cailliez','jennifer','','1 rue des iles','','','02390','montcornet',78,'cailliez.jennifer@aaa.fr'),
(26,3,'Lebeaux','Sophie','','1 rue des ïles','','CEDEX 26','02471','Lehaucourt',78,'Lebeaux.Sophie@aaa.fr'),
(27,2,'viratelle','marina','','1 rue des iles','','CEDEX 27','02532','ollezy',78,'viratelle.marina@aaa.fr'),
(28,2,'Beverley','Gregoire','','1 rue des iles','','CEDEX 28','02553','Hirson',78,'Beverley.Gregoire@aaa.fr'),
(29,2,'Lebon','Vanessa','','1 rue des iles','','CEDEX 29','02554','Hirson',78,'Lebon.Vanessa@aaa.fr'),
(30,2,'Pingaud','Oceane','','1 rue des iles','','','02655','Villers-cotterets',78,'Pingaud.Océane@aaa.fr'),
(31,2,'CAEEZ','Elodie','','1 rue des iles','','CEDEX 31','02746','Essigny-le-Grand',78,'CAÏEZ.Elodie@aaa.fr'),
(32,2,'Morlet','Lucie','','1 rue des iles','','CEDEX 32','02877','Montaigu',78,'Morlet.Lucie@aaa.fr'),
(33,2,'Chedaille','Cloe','','1 rue des iles','','CEDEX 33','02878','St Erme Outre et Ramecourt',78,'Chedaille.Cloé@aaa.fr'),
(34,2,'sautier','sarah','','1 rue des iles','','CEDEX 34','02899','athies sous laon',78,'sautier.sarah@aaa.fr'),
(35,2,'LANGLET','Julie','','1 rue des iles','','','02940','JUVIGNY',78,'LANGLET.Julie@aaa.fr'),
(36,3,'JEANDRAU','christelle','','1 rue des iles','','CEDEX 36','03161','MONTLUCON',78,'JEANDRAU.christelle@aaa.fr'),
(37,2,'jarubasz','Delphine','','1 rue des iles','','CEDEX 37','03162','Montlucon',78,'jarubasz.Delphine@aaa.fr'),
(38,2,'Gadet','Kimberley','','1 rue des iles','','CEDEX 38','03183','Saint Christophe',78,'Gadet.Kimberley@aaa.fr'),
(39,2,'Fevrier','Maryvonne','','1 rue des iles','','CEDEX 39','03214','Varennes-sur-Allier',78,'Février.Maryvonne@aaa.fr'),
(40,2,'gaude','aurore','ier','1 rue des iles','','','03265','vichy',78,'gaude.aurore@aaa.fr'),
(41,2,'thaumiaud','patricia','','1 rue des iles','','CEDEX 41','03336','hauterive',78,'thaumiaud.patricia@aaa.fr'),
(42,2,'Martinho','Nora','','1 rue des iles','','CEDEX 42','03367','Cusset',78,'Martinho.Nora@aaa.fr'),
(43,2,'hurpeaux','nathalie','','1 rue des iles','','CEDEX 43','03378','NERIS LES BAINS',78,'hurpeaux.nathalie@aaa.fr'),
(44,2,'DELAVAL','Laure','','1 rue des iles','','CEDEX 44','03399','Bellenaves',78,'DELAVAL.Laure@aaa.fr'),
(45,2,'butin','adeline','','1 rue des iles','','','03430','ainay le chateau',78,'butin.adeline@aaa.fr'),
(46,2,'banas','jeanine','','1 rue des iles','','CEDEX 46','03481','saint-victor',78,'banas.jeanine@aaa.fr'),
(47,2,'LY','Pangnie','','1 rue des iles','','CEDEX 47','03522','Ebreuil',78,'LY.Pangnie@aaa.fr'),
(48,2,'bougaret','lauriane 5654564','mon adress 1','1 rue des iles','ddd','CEDEX 48','03673','colombier',78,'jbossu@dim4.com'),
(49,2,'baco','Victoria','','1 rue des iles','','CEDEX 49','03774','bellerive',78,'baco.Victoria@aaa.fr'),
(50,2,'lisboa','anne','','1 rue des iles','','','03775','Serbannes',78,'lisboa.anne@aaa.fr'),
(51,2,'DAVIN','Oriane','','1 rue des iles','','CEDEX 51','04176','Manosque',78,'DAVIN.Oriane@aaa.fr'),
(52,2,'Ardisson','Elodie','','1 rue des iles','','CEDEX 52','04477','Barcelonnette',78,'Ardisson.Elodie@aaa.fr'),
(53,2,'Leautierbermond','Ophelie','','1 rue des iles','','','05078','Neffes',86,'Leautier bermond.Ophelie@aaa.fr'),
(54,2,'fernandez','laura','','1 rue des iles','','CEDEX 54','05239','réallon station',15,'fernandez.laura@aaa.fr'),
(55,2,'Chanez','Marine','','1 rue des iles','','','06080','Nice',78,'Chanez.Marine@aaa.fr'),
(56,2,'Vo','Rosa','','1 rue des iles','','CEDEX 56','06081','Nice',78,'Vo.Rosa@aaa.fr'),
(57,3,'jost','catherine','','7 rue des iles','','CEDEX 57','06082','nice',78,'jost.catherine@aaa.fr'),
(58,2,'CAT','ANDRIANTAHINA','','1 rue des iles','','CEDEX 58','06083','nice',78,'CAT.ANDRIANTAHINA@aaa.fr'),
(59,2,'ANDRIANTAHINA','RINDJA','','1 rue des iles','','CEDEX 59','06084','nice',78,'ANDRIANTAHINA.RINDJA@aaa.fr'),
(60,2,'DOSSANTOS','AMELIA','','1 rue des iles','','','06085','Nice',78,'DOS SANTOS.Amélia@aaa.fr'),
(61,2,'Barcacci','Pauline','','1 rue des iles','','CEDEX 61','06086','Nice',78,'Barcacci.Pauline@aaa.fr'),
(62,2,'jeanneau','sandrine','','1 rue des iles','','CEDEX 62','06197','le cannet',78,'jeanneau.sandrine@aaa.fr'),
(63,2,'Verdier','Lucile','','1 rue des iles','','CEDEX 63','06218','Grasse',78,'Verdier.Lucile@aaa.fr'),
(64,3,'boisseau ,','jérôme','adr2','adr3','adr4','CEDEX 64','06239','cannes la bocca',78,'boisseau.juliette@aaa.fr'),
(65,2,'Carole','Mellier','a','1 rue des iles','','','06290','Nice',78,'Carole.Mellier@aaa.fr'),
(66,2,'Sibilla','Fanny','','1 rue des iles','','CEDEX 66','06311','Vallauris',78,'Sibilla.Fanny@aaa.fr'),
(67,2,'Serra','Virginie','','1 rue des iles','','CEDEX 67','06392','Nice',78,'Serra.Virginie@aaa.fr'),
(68,2,'bouisson','cassandra','','1 rue des iles','','CEDEX 68','06393','nice',78,'bouisson.cassandra@aaa.fr'),
(69,2,'MARCHAL','Alison','','1 rue des iles','','CEDEX 69','06494','Cannes',78,'MARCHAL.Alison@aaa.fr'),
(70,2,'gallet','oceane','','1 rue des iles','','','06495','cannes',78,'gallet.oceane@aaa.fr'),
(71,2,'Brule','Gwendaelle','','1 rue des iles','','CEDEX 71','06496','Cannes',78,'Brule.Gwendaelle@aaa.fr'),
(72,2,'delisse','margaux','','1 rue des iles','','CEDEX 72','06507','biot',78,'delisse.margaux@aaa.fr'),
(73,2,'raux','candice','','1 rue des iles','','CEDEX 73','06528','tende',78,'raux.candice@aaa.fr'),
(74,2,'Slimani','Kahina','','1 rue des iles','','CEDEX 74','06609','Carros',78,'Slimani.Kahina@aaa.fr'),
(75,2,'klepanda','magali','','1 rue des iles','','','06630','peymeinade',78,'klepanda.magali@aaa.fr'),
(76,2,'DiGioia','marie','','1 rue des iles','','CEDEX 76','06681','pegomas',78,'Di Gioia.marie@aaa.fr'),
(77,2,'DERAEVE','MATTHIEU','','1 rue des iles','','CEDEX 77','07772','LEVENT',78,'DERAEVE.MATTHIEU@bbb.fr'),
(78,2,'coeffet','catherine','','1 rue des iles','','CEDEX 78','06793','tourrette levens',78,'coeffet.catherine@aaa.fr'),
(79,2,'kieffer','DELPHINE','','1 rue des iles','','CEDEX 79','06904','Cagnes-sur-Mer',78,'kieffer.DELPHINE@aaa.fr'),
(80,2,'fernandez','veronique','','1 rue des iles','','','06905','cagnes sur mer',78,'fernandez.veronique@aaa.fr'),
(81,2,'LV','YOU','','1 rue des iles','','CEDEX 81','06906','Cagnes sur mer',78,'LV.YOU@aaa.fr'),
(82,2,'Itsweire','LEA','','1 rue des iles','','CEDEX 82','07227','Pradons',78,'Itsweire.Léa@aaa.fr'),
(84,2,'Pierron','Louise','','1 rue des iles','','CEDEX 84','07309','St privat',78,'Pierron.Louise@aaa.fr'),
(85,2,'souche','laetitia','','1 rue des iles','','','07360','LE POUZIN',78,'souche.laetitia@aaa.fr'),
(86,1,'Sabot','Axelle','','1 rue des iles','','CEDEX 86','07451','St Jacques D\'atticieux',78,'Sabot.Axelle@aaa.fr'),
(87,2,'begou','carine','','1 rue des iles','','CEDEX 87','07612','Guilherand-Granges',78,'begou.carine@aaa.fr'),
(88,2,'ANDRE','Sylvie','','1 rue des iles','','CEDEX 88','07913','LA VOULTE SUR RHONE',78,'ANDRE.Sylvie@aaa.fr'),
(89,3,'CHALANCON2','Christelqqsd','qsdqs d','qsdqsd','','CEDEX 89','07914','LA VOULTE SUR RHONE',78,'CHALANCON.Christel@aaa.fr'),
(90,2,'Simonet','Coralie','','1 rue des iles','','','08115','charleville mézières',78,'Simonet.Coralie@aaa.fr'),
(91,2,'gyselinck','Manuela','','1 rue des iles','','CEDEX 91','08116','Charleville-Mézières',78,'gyselinck.Manuela@aaa.fr'),
(92,2,'Labouglie','Tifany','','1 rue des iles','','CEDEX 92','08237','Bogny-Sur-Meuse',78,'Labouglie.Tifany@aaa.fr'),
(93,2,'dumont','noemie','','1 rue des iles','','CEDEX 93','08278','hannogne saint martin',78,'dumont.noémie@aaa.fr'),
(94,2,'Dupont','Helene','','1 rue des iles','','CEDEX 94','08329','Mouzon',78,'Dupont.Hélène@aaa.fr'),
(95,2,'Caruzzi','Claire','','1 rue des iles','','','08330','Mouzon',78,'Caruzzi.Claire@aaa.fr'),
(96,1,'Chairon','Peggy','1 rue des iles',' ',' ','CEDEX 96','08341','Fraillicourt',78,''),
(97,2,'Mathiez','Josephine','','1 rue des iles','','CEDEX 97','08422','Neuflize',78,'Mathiez.Joséphine@aaa.fr'),
(98,2,'Krawiek','Aurore','','1 rue des iles','','CEDEX 98','08423','Rethel',78,'Krawiek.Aurore@aaa.fr'),
(99,2,'lemouellic','sabrina','','1 rue des iles','','CEDEX 99','08434','hauvine',78,'le mouellic.sabrina@aaa.fr'),
(136,1,'test','test','','','112 rue du cherche midi','','gfdgsd','Paris',78,''),
(137,2,'bossu','Agnès','mon adresse \' 5','mon adresse \' 2','mon adresse \'','mon adresse \' 4','27730','bueil',60,'abossu@dim4.com'),
(138,1,'Malesic','Justin','30 rue Edouard Charton','Bâtiment 1','','','78000','versailles',78,'cisalemnitsuj@aaa.com'),
(139,3,'<h1>Erte<h1>','Micheline','ici','où là bas','ça n\'est pas in probleme pour moi','.','78000','versailles',78,'azeatu@ata.fr'),
(140,1,'Neutron','Jamie','30 rue Edouard Charton','.','.','.','78000','versailles',78,'jamie_lanister_neutron@aaa.com'),
(141,2,'a','a','.','.','a','.','1','aa',78,'a@a.a'),
(142,2,'Lwazo','Mwett','un muret du port','pas loin de l\'eau','.','.','29000','Riantec',78,'malesicjustin@gmail.com'),
(143,1,'ajout_nom','ajout_prenom','ajout_adr1','ajout_adr2','ajout_adr3','ajout_adr4','00000','ajout_ville',78,'modif_email@aaa.com'),
(144,3,'Robinson','Will','4 avenue des altruistes','batiment B','etage 4','appartement 44','95510','Villers en Arthichaud!',78,'jmalesic@dim4.com'),
(145,1,'oui','oui','ma maison',' ',' ',' ','89520','pays des jouets',49,'oui@no.se'),
(146,2,'modif_nom','modif_prenom','','','zegqer','','00002','modif_ville',1,'at@a.a'),
(147,1,'Lwazo','Pigarg','un autre muret du port','','','','29000','Riantec',78,'wazo@vvv.org'),
(148,2,'azef','bsdf','CEDEX 12','.','.','.','78523','sdf',12,'a@a.a'),
(149,2,'bossu 02','jérôme 02','mon adresse 1','mon adresse 2','mon adresse 3','mon adresse 4','27000','ma ville 3 ',4,'jbossu@gmail.com'),
(150,1,'rer','sqdf','cddfsf','','','','5646546','qsfq',1,'sqdfsd@aaa.fr'),
(151,3,'Poitoux','Gilles','36','rue','de la','boustifaille','95512','Viennes en Vexin',232,''),
(152,1,'Lundi','FFR','15 Place Rihour','vsvsvsv','vsvsvsv','Lille','59800','Lille',1,''),
(153,1,'Lundi','FFR','15 Place Rihour','vsvsvsv','vsvsvsv','Lille','59800','Lille',1,''),
(154,1,'Lundi','FFR','15 Place Rihour','vsvsvsv','vsvsvsv','Lille','59800','Lille',1,''),
(155,1,'Lundi','FFR','15 Place Rihour','vsvsvsv','vsvsvsv','Lille','59800','Lille',1,''),
(156,1,'Lundi','FFR','15 Place Rihour','vsvsvsv','vsvsvsv','Lille','59800','Lille',1,''),
(157,1,'Lundi','FFR','15 Place Rihour','vsvsvsv','vsvsvsv','Lille','59800','Lille',1,''),
(158,1,'Lundi','FFR','15 Place Rihour','fhfhfh','fhhfh','Lille','59800','Lille',1,''),
(159,1,'Lundi','FFR','15 Place Rihour','sfsfsf','sfsfsfs','Lille','59800','Lille',1,''),
(160,1,'Lundi','FFR','15 Place Rihour','dgdvd','gdgdgdg','Lille','59800','Lille',1,''),
(161,1,'Lundi','FFR','15 Place Rihour','dgdvd','gdgdgdg','Lille','59800','Lille',1,''),
(162,1,'Lundi','FFR','15 Place Rihour','dgdvd','gdgdgdg','Lille','59800','Lille',1,''),
(163,1,'Lundi','FFR','15 Place Rihour','dgdvd','gdgdgdg','Lille','59800','Lille',1,''),
(164,1,'Lundi','FFR','15 Place Rihour','dgdvd','gdgdgdg','Lille','59800','Lille',1,''),
(165,1,'Lundi','FFR','15 Place Rihour','dgdvd','gdgdgdg','Lille','59800','Lille',1,''),
(166,1,'Lundi','FFR','15 Place Rihour','sfsfsf','sfsfsf','Lille','59800','sfsfsf',1,'adresseTest@cgt.fr'),
(167,1,'Lundi','FFR','15 Place Rihour','sfsfsf','sfsfsf','Lille','59800','sfsfsf',1,'adresseTest@cgt.fr'),
(168,1,'Lundi','FFR','15 Place Rihour','sfsfsf','sfsfsf','Lille','59800','sfsfsf',1,'adresseTest@cgt.fr'),
(169,1,'Lundi','FFR','15 Place Rihour','sfsfsf','sfsfsf','Lille','59800','sfsfsf',1,'adresseTest@cgt.fr'),
(170,1,'Lundi','FFR','15 Place Rihour','sfsfsf','sffsfsfsf','Lille','59800','Lille',1,'adresseTest@cgt.fr'),
(171,1,'Lundi','FFR','15 Place Rihour','sfsfsf','sffsfsfsf','Lille','59800','Lille',1,'adresseTest@cgt.fr'),
(172,1,'Lundi','FFR','15 Place Rihour','sfsfsf','sffsfsfsf','Lille','59800','Lille',1,'adresseTest@cgt.fr'),
(173,1,'Lundi','FFR','15 Place Rihour','sfsfsf','sffsfsfsf','Lille','59800','Lille',1,'adresseTest@cgt.fr'),
(174,1,'Lundi','FFR','15 Place Rihour','sfsfsf','sffsfsfsf','Lille','59800','Lille',1,'adresseTest@cgt.fr'),
(175,1,'Lundi','FFR','15 Place Rihour','sfsfsf','sffsfsfsf','Lille','59800','Lille',1,'adresseTest@cgt.fr'),
(176,1,'Storm','trooper','Tu prends l’ascenseur','tu monte 23 étages','tu vas tout au bout du couloir','c\'est la porte avec le paillasson bleu','101','Etoile noire',230,'jmalesic@dim4.com'),
(177,1,'Storm','trooper','Tu prends l’ascenseur','tu montes 23 étages','tu tournes direct à droite','c\'est la porte verte à rayures roses','101','Etoile noire',230,'juste-1-malaise-hic@hotmail.fr'),
(178,3,'Storm','Trooper','Tu prends l’ascenseur','tu montes 23 étages','puis tu en descends deux','c\'est la porte en face','101','Etoile noire',230,'malesicjustin@gmail.com'),
(179,3,'Storm','trooper','Tu prends l’ascenseur','tu montes 23 étages','tu frappes à la deuxième porte à droite','et tu demandes pardon à la porte','101','Etoile noire',230,'justinmalesic@gmail.com'),
(180,1,'Forever','Michel','4 impasse des agrafeuses','Batiment D','3 eme etage','appartement 387','78000','Versailles',78,'jmalesic@dim4.com'),
(181,1,'Storm','Trooper','Tu prends l’ascenseur','tu montes 23 étages','et tu restes dans l\'ascenseur','en attendant qu\'il vienne te rejoindre','101','Etoile noire',230,'justin.malesic@ens.uvsq.fr'),
(182,1,'nom','prenom','adresse1','adresse2','adresse3','adresse4','93100','ville',1,'dardani.mehdi@gmail.com'),
(183,2,'bossu','prenom','adresse1','adresse2','adresse3','adresse4','1','ville',1,'dardani.mehdi@gmail.com'),
(184,2,'bossu','prenom','adresse1','adresse2','adresse3','adresse4','1','ville',13,'dardani.mehdi@gmail.com'),
(185,2,'bossu','prenom','adresse1','adresse2','adresse3','adresse4','1','ville',13,'dardani.mehdi@gmail.com'),
(186,1,'ddfdfgdf','df','dsf','dsdss','d','sd','1','d',1,'dardani.mehdi@gmail.com'),
(187,1,'ddfdfgdf','df','dsf','dsdss','d','sd','1','d',1,'dardani.mehdi@gmail.com'),
(188,1,'bella','bella','adresse1','adresse2','adresse3','sd','1','ville',1,'dardani.mehdi@gmail.com'),
(189,3,'toto','toto','toto','sd','toto','sd','3','tott',15,'dardani.mehdi@gmail.com'),
(190,1,'sqd','sd','sdf','fd','','','1','sdf',1,''),
(191,1,'sqd','sd','sdf','fd','','','1','sdf',1,''),
(192,1,'sqd','sd','sdf','fd','','','1','sdf',1,''),
(193,1,'sqd','sd','sdf','fd','','','1','sdf',1,''),
(194,1,'sqd','sd','sdf','fd','','','1','sdf',1,''),
(195,1,'timmxware','timmxware','test','test','test','test','93110','test',78,'test@mail.com'),
(196,1,'timmxware','timmxware','test','test','test','test','93110','test',78,'test@mail.com'),
(197,1,'test2','test2','test2','test2','test2','test2','93110','test2',78,'test2@mail.com'),
(198,1,'test2','test2','test2','test2','test2','test2','93110','test2',78,'test2@mail.com'),
(199,1,'test2','test2','test2','test2','test2','test2','93110','test2',78,'test2@mail.com'),
(200,1,'test2','test2','TOTO','test2','test2','test2','93110','test2',78,'test2@mail.com'),
(201,1,'timmxware','timmxware','10 rue du progrès','test','test','test','93100','Montreuil',78,'test@mail.com'),
(202,1,'Brzoza','Stefan','','','','','','Versailles',10,''),
(203,2,'Brzoza','Eleonor','','','','','','',1,'el@hotmail.com'),
(204,3,'Brezny','Urszula','1 place des fleurs','première gauche','','','78555','Versailles',180,'br@free.fr'),
(205,2,'Bossu \"','Jérôme ','adr','adr2','adr3','adr4','27730','Ma ville',15,'Monemail@dim4.com'),
(206,2,'bossu new','Jérôme','Mon adresse1','jj','lklkk','66+556','37800','ma ville',1,'aaa@dim4.com'),
(207,1,'volti','GUY','3 rue des martyrs','champs 2','','','54210','Saint Nicolas',1,''),
(208,3,'NICO','test','klsqdjmlksqdj,f','sdgqsdg','','','78124','Mareil',78,''),
(209,3,'Szpak','Leopold','4, rue de Varsovie','porte D','','','78654','Rybnik',180,'leo@gmail.com'),
(210,2,'Jérôme','Bossu','aaannnadr1','aaannnadr1 , adr2','ââââ^adr3','\'\'adr4','27730','ma ville',1,'jbossu@dim4.com'),
(211,2,'bossu','jerome','mon adresse1','mon adresse2','mon adresse3','mon adresse4','27730','maville',4,'jbossu@dim4.com'),
(212,1,'Marco','Kordian','123','','','','78500','Linderbach',6,'kor@free.fr'),
(213,3,'Ni','Sophie','rue Bleue','Cedex','','','78990','Elancourt',78,'sni@poste.fra'),
(220,1,'BRUNET','PASCAL','36 rue de la FALAISE','delete from individu','','','78126','AULNAY SUR MAULDRE',78,'achat@stoopa.fr'),
(221,1,'POZZZZ','BrZZZZ','Brice_Adresse_1','Brice_Adresse_2','Brice_Adresse_3','Brice_Adresse_4','69005','Lyon',27,'xxxxx.yyyyy@gmail.com');

/*Table structure for table `ref_civ` */

DROP TABLE IF EXISTS `ref_civ`;

CREATE TABLE `ref_civ` (
  `id` int(11) NOT NULL AUTO_INCREMENT,
  `libelle` varchar(20) COLLATE utf8_unicode_ci NOT NULL,
  PRIMARY KEY (`id`)
) ENGINE=InnoDB AUTO_INCREMENT=4 DEFAULT CHARSET=utf8 COLLATE=utf8_unicode_ci;

/*Data for the table `ref_civ` */

insert  into `ref_civ`(`id`,`libelle`) values 
(1,'M.'),
(2,'MME'),
(3,'MME OU M.');

/*Table structure for table `ref_pays` */

DROP TABLE IF EXISTS `ref_pays`;

CREATE TABLE `ref_pays` (
  `id` int(11) NOT NULL,
  `libelle` varchar(100) COLLATE utf8_unicode_ci NOT NULL,
  PRIMARY KEY (`id`)
) ENGINE=InnoDB DEFAULT CHARSET=utf8 COLLATE=utf8_unicode_ci;

/*Data for the table `ref_pays` */

insert  into `ref_pays`(`id`,`libelle`) values 
(1,'Afghanistan'),
(2,'Afrique Du Sud'),
(3,'Åland, Îles'),
(4,'Albanie'),
(5,'Algérie'),
(6,'Allemagne'),
(7,'Andorre'),
(8,'Angola'),
(9,'Anguilla'),
(10,'Antarctique'),
(11,'Antigua-Et-Barbuda'),
(12,'Antilles Néerlandaises'),
(13,'Arabie Saoudite'),
(14,'Argentine'),
(15,'Arménie'),
(16,'Aruba'),
(17,'Australie'),
(18,'Autriche'),
(19,'Azerbaïdjan'),
(20,'Bahamas'),
(21,'Bahreïn'),
(22,'Bangladesh'),
(23,'Barbade'),
(24,'Bélarus'),
(25,'Belgique'),
(26,'Belize'),
(27,'Bénin'),
(28,'Bermudes'),
(29,'Bhoutan'),
(30,'Bolivie'),
(31,'Bosnie-Herzégovine'),
(32,'Botswana'),
(33,'Bouvet, Île'),
(34,'Brésil'),
(35,'Brunéi Darussalam'),
(36,'Bulgarie'),
(37,'Burkina Faso'),
(38,'Burundi'),
(39,'Caïmanes, Îles'),
(40,'Cambodge'),
(41,'Cameroun'),
(42,'Canada'),
(43,'Cap-Vert'),
(44,'Centrafricaine, République'),
(45,'Chili'),
(46,'Chine'),
(47,'Christmas, Île'),
(48,'Chypre'),
(49,'Cocos (Keeling), Îles'),
(50,'Colombie'),
(51,'Comores'),
(52,'Congo'),
(53,'Congo, La République Démocratique Du'),
(54,'Cook, Îles'),
(55,'Corée, République De'),
(56,'Corée, République Populaire Démocratique De'),
(57,'Costa Rica'),
(58,'Côte DIvoire'),
(59,'Croatie'),
(60,'Cuba'),
(61,'Danemark'),
(62,'Djibouti'),
(63,'Dominicaine, République'),
(64,'Dominique'),
(65,'Égypte'),
(66,'El Salvador'),
(67,'Émirats Arabes Unis'),
(68,'Équateur'),
(69,'Érythrée'),
(70,'Espagne'),
(71,'Estonie'),
(72,'États-Unis'),
(73,'Éthiopie'),
(74,'Falkland, Îles (Malvinas)'),
(75,'Féroé, Îles'),
(76,'Fidji'),
(77,'Finlande'),
(78,'France'),
(79,'Gabon'),
(80,'Gambie'),
(81,'Géorgie'),
(82,'Géorgie Du Sud et Les Îles Sandwich Du Sud'),
(83,'Ghana'),
(84,'Gibraltar'),
(85,'Grèce'),
(86,'Grenade'),
(87,'Groenland'),
(88,'Guadeloupe'),
(89,'Guam'),
(90,'Guatemala'),
(91,'Guernesey'),
(92,'Guinée'),
(93,'Guinée Équatoriale'),
(94,'Guinée-Bissau'),
(95,'Guyana'),
(96,'Guyane Française'),
(97,'Haïti'),
(98,'Heard, Île Et Mcdonald, Îles'),
(99,'Honduras'),
(100,'Hong-Kong'),
(101,'Hongrie'),
(102,'Île De Man'),
(103,'Îles Mineures Éloignées des États-Unis'),
(104,'Îles Vierges Britanniques'),
(105,'Îles Vierges Des États-Unis'),
(106,'Inde'),
(107,'Indonésie'),
(108,'Iran, République Islamique '),
(109,'Iraq'),
(110,'Irlande'),
(111,'Islande'),
(112,'Israël'),
(113,'Italie'),
(114,'Jamaïque'),
(115,'Japon'),
(116,'Jersey'),
(117,'Jordanie'),
(118,'Kazakhstan'),
(119,'Kenya'),
(120,'Kirghizistan'),
(121,'Kiribati'),
(122,'Koweït'),
(123,'Lao, République Démocratique Populaire -'),
(124,'Lesotho'),
(125,'Lettonie'),
(126,'Liban'),
(127,'Libéria'),
(128,'Libyenne, Jamahiriya Arabe'),
(129,'Liechtenstein'),
(130,'Lituanie'),
(131,'Luxembourg'),
(132,'Macao'),
(133,'Macédoine, LEx-République Yougoslave De'),
(134,'Madagascar'),
(135,'Malaisie'),
(136,'Malawi'),
(137,'Maldives'),
(138,'Mali'),
(139,'Malte'),
(140,'Mariannes Du Nord, Îles'),
(141,'Maroc'),
(142,'Marshall, Îles'),
(143,'Martinique'),
(144,'Maurice'),
(145,'Mauritanie'),
(146,'Mayotte'),
(147,'Mexique'),
(148,'Micronésie, États Fédérés De'),
(149,'Moldova, République De'),
(150,'Monaco'),
(151,'Mongolie'),
(152,'Montserrat'),
(153,'Mozambique'),
(154,'Myanmar'),
(155,'Namibie'),
(156,'Nauru'),
(157,'Népal'),
(158,'Nicaragua'),
(159,'Niger'),
(160,'Nigéria'),
(161,'Niué'),
(162,'Norfolk, Île'),
(163,'Norvège'),
(164,'Nouvelle-Calédonie'),
(165,'Nouvelle-Zélande'),
(166,'Océan Indien, Territoire Britannique'),
(167,'Oman'),
(168,'Ouganda'),
(169,'Ouzbékistan'),
(170,'Pakistan'),
(171,'Palaos'),
(172,'Palestinien Occupé, Territoire'),
(173,'Panama'),
(174,'Papouasie-Nouvelle-Guinée'),
(175,'Paraguay'),
(176,'Pays-Bas'),
(177,'Pérou'),
(178,'Philippines'),
(179,'Pitcairn'),
(180,'Pologne'),
(181,'Polynésie Française'),
(182,'Porto Rico'),
(183,'Portugal'),
(184,'Qatar'),
(185,'République de Serbie'),
(186,'Réunion'),
(187,'Roumanie'),
(188,'Royaume-Uni'),
(189,'Russie, Fédération De'),
(190,'Rwanda'),
(191,'Sahara Occidental'),
(192,'Sainte-Hélène'),
(193,'Sainte-Lucie'),
(194,'Saint-Kitts-Et-Nevis'),
(195,'Saint-Marin'),
(196,'Saint-Pierre-Et-Miquelon'),
(197,'Saint-Siège (État De La Cité Du Vatican)'),
(198,'Saint-Vincent-Et-Les Grenadines'),
(199,'Salomon, Îles'),
(200,'Samoa'),
(201,'Samoa Américaines'),
(202,'Sao Tomé-Et-Principe'),
(203,'Sénégal'),
(204,'Seychelles'),
(205,'Sierra Leone'),
(206,'Singapour'),
(207,'Slovaquie'),
(208,'Slovénie'),
(209,'Somalie'),
(210,'Soudan'),
(211,'Sri Lanka'),
(212,'Suède'),
(213,'Suisse'),
(214,'Suriname'),
(215,'Svalbard Et Île Jan Mayen'),
(216,'Swaziland'),
(217,'Syrienne, République Arabe'),
(218,'Tadjikistan'),
(219,'Taïwan, Province De Chine'),
(220,'Tanzanie, République-Unie De'),
(221,'Tchad'),
(222,'Tchèque, République'),
(223,'Terres Australes Françaises'),
(224,'Thaïlande'),
(225,'Timor-Leste'),
(226,'Togo'),
(227,'Tokelau'),
(228,'Tonga'),
(229,'Trinité-Et-Tobago'),
(230,'Tunisie'),
(231,'Turkménistan'),
(232,'Turks Et Caïques, Îles'),
(233,'Turquie'),
(234,'Tuvalu'),
(235,'Ukraine'),
(236,'Uruguay'),
(237,'Vanuatu'),
(238,'Vatican, État De La Cité du (Voir Saint-Siège)'),
(239,'Venezuela'),
(240,'Viet Nam'),
(241,'Wallis Et Futuna'),
(242,'Yémen'),
(243,'Zaïre, La République Démocratique Du (Voir Congo)'),
(244,'Zambie'),
(245,'Zimbabwe');

/*!40101 SET SQL_MODE=@OLD_SQL_MODE */;
/*!40014 SET FOREIGN_KEY_CHECKS=@OLD_FOREIGN_KEY_CHECKS */;
/*!40014 SET UNIQUE_CHECKS=@OLD_UNIQUE_CHECKS */;
/*!40111 SET SQL_NOTES=@OLD_SQL_NOTES */;
